token,count,is_hold_out
of,5185,False
<unk>,5117,False
the,4208,False
to,3437,False
in,2988,False
and,2938,False
was,1461,False
@-@,1413,False
a,1408,False
on,1056,False
for,1025,False
by,1022,False
that,999,False
as,979,False
(,978,True
with,942,False
's,781,False
at,744,False
from,744,False
is,657,False
were,572,False
his,457,False
=,453,True
@.@,430,False
had,428,False
it,320,False
"@,@",298,False
not,279,False
are,262,False
an,253,False
–,248,False
be,237,False
he,234,False
:,229,True
also,229,False
have,229,False
into,221,False
or,193,False
has,187,False
000,186,False
their,184,False
after,182,False
out,171,False
been,170,False
during,170,False
its,165,False
him,164,False
two,163,False
than,162,False
would,157,False
up,156,False
War,141,False
km,141,False
which,140,False
one,134,False
through,132,False
time,132,False
against,130,False
between,127,False
—,125,False
3,125,True
when,121,False
Division,120,False
more,118,False
over,116,False
<eos>,114,False
this,113,False
used,113,False
h,111,False
only,110,False
before,109,False
who,108,False
million,104,False
about,103,False
all,102,False
years,101,False
made,100,False
three,98,False
them,97,False
first,94,False
season,94,False
ft,92,False
under,92,False
later,91,False
day,89,False
along,89,False
since,85,False
became,84,False
her,84,False
Infantry,84,False
they,83,False
other,81,False
down,81,False
metres,81,False
Korean,81,False
until,80,False
known,79,False
World,79,False
but,77,False
several,76,False
could,75,False
within,74,False
found,72,False
10,72,False
Fu,71,False
Navy,71,False
being,71,False
Beauty,71,False
began,69,False
year,68,False
20,68,False
off,68,False
American,67,False
mph,67,False
guns,66,False
did,66,False
heads,66,False
head,66,False
team,65,False
storm,65,False
film,63,False
there,62,False
such,62,False
11,62,False
while,62,False
miles,62,False
North,62,False
Company,62,False
some,61,False
built,61,False
tropical,61,False
winds,61,False
Koreans,61,False
93,61,False
game,60,False
called,59,False
due,59,False
part,59,False
ships,59,False
days,59,False
album,58,False
York,58,False
people,57,False
January,57,False
Championship,57,False
Lorenzo,57,False
series,56,False
troops,56,False
said,56,False
because,55,False
four,55,False
forces,55,False
most,55,False
fire,55,False
The,54,False
moved,54,False
around,53,False
men,53,False
I,52,False
came,52,False
led,52,False
following,52,False
no,52,False
near,52,False
half,51,False
work,51,False
mm,51,False
like,50,False
place,50,False
League,50,False
games,50,False
British,49,False
back,49,False
across,49,False
Road,49,False
area,48,False
so,48,False
then,48,False
2012,48,False
30,48,False
where,48,False
Squadron,48,False
Manila,48,False
tons,47,False
mi,47,False
many,46,False
city,46,False
use,46,False
both,46,False
October,46,False
depression,46,False
system,46,False
period,45,False
took,45,False
can,45,False
side,45,False
shot,45,False
number,45,False
now,44,False
group,44,False
12,44,False
new,44,False
force,44,False
ironclads,44,False
boats,44,False
history,43,False
September,43,False
power,43,False
Battalion,43,False
government,43,False
these,42,False
18,42,False
New,42,False
French,42,False
much,41,False
November,41,False
design,41,False
each,41,False
damage,41,False
Army,41,False
members,41,False
received,40,False
/,40,True
placed,40,False
major,40,False
home,40,False
't,40,False
200,40,False
100,40,False
cyclone,40,False
large,40,False
continued,40,False
tanks,40,False
NY,40,False
considered,39,False
five,39,False
any,39,False
music,39,False
held,39,False
II,39,False
record,39,False
line,39,False
Regiment,39,False
included,39,False
what,38,False
position,38,False
if,38,False
United,38,False
species,38,False
15,37,False
lost,37,False
service,37,False
times,37,False
24,37,False
further,37,False
attack,37,False
August,37,False
played,36,False
will,36,False
again,36,False
2015,36,False
13,36,False
City,36,False
9,36,True
19,36,False
won,36,False
hours,36,False
ironclad,36,False
episode,35,False
described,35,False
himself,35,False
century,35,False
another,35,False
1942,35,False
May,35,False
operations,35,False
match,35,False
single,34,False
25,34,False
destroyed,34,False
rainfall,34,False
innings,34,False
life,33,False
died,33,False
career,33,False
six,33,False
reached,33,False
per,33,False
estimated,33,False
high,33,False
s,33,False
21,33,False
felt,33,False
school,33,False
produced,32,False
formed,32,False
just,32,False
above,32,False
still,32,False
end,32,False
ordered,32,False
China,32,False
months,32,False
player,32,False
basketball,32,False
peak,32,False
heavy,32,False
General,32,False
America,32,False
Award,32,False
State,32,False
wrote,31,False
remained,31,False
developed,31,False
seen,31,False
video,31,False
action,31,False
long,31,False
22,31,False
June,31,False
round,31,False
band,31,False
CR,31,False
Storm,31,False
coach,31,False
Derry,31,False
named,30,False
may,30,False
saw,30,False
away,30,False
based,30,False
soldiers,30,False
without,30,False
features,30,False
December,30,False
500,30,False
31,30,False
light,30,False
small,30,False
intensity,30,False
military,30,False
support,30,False
behind,30,False
pitcher,30,False
face,30,False
Office,30,False
production,29,False
style,29,False
second,29,False
US,29,False
units,29,False
A,29,False
aircraft,29,False
ship,29,False
14,29,False
killed,29,False
started,29,False
week,29,False
National,29,False
east,29,False
areas,29,False
typhoon,29,False
Lester,29,False
less,28,False
went,28,False
among,28,False
very,28,False
Center,28,False
released,28,False
command,28,False
longer,28,False
well,28,False
armor,28,False
’,28,False
WWE,28,False
Champion,28,False
Commission,28,False
upon,27,False
returned,27,False
left,27,False
those,27,False
own,27,False
County,27,False
building,27,False
tank,27,False
toward,27,False
allowed,26,False
way,26,False
throughout,26,False
ever,26,False
available,26,False
South,26,False
damaged,26,False
2nd,26,False
south,26,False
straight,26,False
using,26,False
cyclones,26,False
appeared,25,False
16,25,False
weeks,25,False
You,25,False
lines,25,False
involved,25,False
positions,25,False
17,25,False
attacked,25,False
decided,25,False
located,25,False
return,25,False
groups,25,False
sent,25,False
name,25,False
2010,25,False
amphibians,25,False
towards,25,False
2008,24,False
caused,24,False
man,24,False
added,24,False
removed,24,False
below,24,False
Sea,24,False
able,24,False
often,24,False
University,24,False
landfall,24,False
unit,24,False
C,24,False
July,24,False
Doctor,24,False
Ball,24,False
different,23,False
modern,23,False
next,23,False
range,23,False
enough,23,False
too,23,False
2013,23,False
Association,23,False
40,23,False
Pacific,23,False
set,23,False
naval,23,False
battle,23,False
designed,23,False
sustained,23,False
land,23,False
1941,23,False
battalions,23,False
she,23,False
Corps,23,False
ended,23,False
German,23,False
Eddie,23,False
role,22,False
John,22,False
appearance,22,False
present,22,False
rather,22,False
others,22,False
Show,22,False
show,22,False
27,22,False
sides,22,False
route,22,False
hour,22,False
Force,22,False
centre,22,False
names,22,False
early,22,False
shear,22,False
development,21,False
once,21,False
even,21,False
Japan,21,False
50,21,False
intended,21,False
division,21,False
2007,21,False
west,21,False
UTC,21,False
attacks,21,False
see,21,False
section,21,False
2003,21,False
start,21,False
pitched,21,False
title,21,False
point,21,False
ERA,21,False
Latin,21,False
Undertaker,21,False
Avenue,21,False
Stevens,21,False
you,20,False
Chinese,20,False
poets,20,False
initially,20,False
thought,20,False
never,20,False
gave,20,False
old,20,False
works,20,False
do,20,False
re,20,False
studio,20,False
hit,20,False
version,20,False
minute,20,False
sold,20,False
29,20,False
23,20,False
replaced,20,False
carried,20,False
upgraded,20,False
state,20,False
All,20,False
School,20,False
close,20,False
U,20,False
discovered,20,False
joined,20,False
important,20,False
de,20,False
Hitler,20,False
eye,20,False
1969,20,False
Butler,20,False
trough,20,False
Angle,20,False
poems,19,False
required,19,False
surviving,19,False
example,19,False
eight,19,False
turned,19,False
army,19,False
...,19,False
Japanese,19,False
track,19,False
peaked,19,False
main,19,False
reported,19,False
February,19,False
Stone,19,False
should,19,False
Times,19,False
fleet,19,False
m,19,False
told,19,False
served,19,False
hurricane,19,False
houses,19,False
storms,19,False
quickly,19,False
night,19,False
needed,19,False
taken,19,False
dead,19,False
aid,19,False
Young,19,False
Civil,19,False
conditions,19,False
including,19,False
outside,19,False
Museum,19,False
image,19,False
events,19,False
run,19,False
classified,19,False
°,19,False
wind,19,False
Australia,19,False
Angela,19,False
play,18,False
met,18,False
instead,18,False
form,18,False
forms,18,False
language,18,False
few,18,False
top,18,False
published,18,False
ten,18,False
April,18,False
armour,18,False
1944,18,False
completed,18,False
assigned,18,False
north,18,False
struck,18,False
seasons,18,False
homes,18,False
Brigade,18,False
center,18,False
site,18,False
road,18,False
Tank,18,False
almost,18,False
war,18,False
believed,18,False
Africa,18,False
signed,18,False
consecutive,18,False
San,18,False
billion,18,False
Heavyweight,18,False
Wrestling,18,False
Graves,18,False
c,18,False
working,17,False
given,17,False
significant,17,False
soon,17,False
400,17,False
transferred,17,False
says,17,False
examples,17,False
song,17,False
scenes,17,False
seven,17,False
supplies,17,False
carriers,17,False
provided,17,False
March,17,False
Air,17,False
better,17,False
sports,17,False
teams,17,False
moving,17,False
weakened,17,False
28,17,False
issued,17,False
generally,17,False
plant,17,False
win,17,False
infantry,17,False
bank,17,False
wanted,17,False
got,17,False
larger,17,False
always,17,False
Series,17,False
Awards,17,False
embassy,17,False
Head,17,False
squadrons,17,False
national,17,False
intensified,17,False
H,17,False
public,17,False
written,16,False
poet,16,False
era,16,False
established,16,False
does,16,False
member,16,False
chart,16,False
adapted,16,False
battleships,16,False
air,16,False
special,16,False
rounds,16,False
control,16,False
selected,16,False
changes,16,False
attempt,16,False
High,16,False
local,16,False
pattern,16,False
USD,16,False
person,16,False
ridge,16,False
commander,16,False
artillery,16,False
every,16,False
2002,16,False
68,16,False
compound,16,False
how,16,False
usually,16,False
von,16,False
associated,16,False
scene,16,False
prior,16,False
Intelligence,16,False
headdress,16,False
Ricky,16,False
sources,16,False
historians,16,False
writing,15,False
we,15,False
living,15,False
praised,15,False
non,15,False
stated,15,False
similar,15,False
Direction,15,False
News,15,False
radio,15,False
minutes,15,False
65,15,False
Korea,15,False
activity,15,False
successful,15,False
Imperial,15,False
put,15,False
knots,15,False
26,15,False
Type,15,False
300,15,False
gun,15,False
32,15,False
original,15,False
Operation,15,False
Academy,15,False
plan,15,False
William,15,False
little,15,False
A.,15,False
front,15,False
machine,15,False
party,15,False
strong,15,False
approach,15,False
body,15,False
Command,15,False
short,15,False
2000,15,False
2004,15,False
armored,15,False
iron,15,False
change,15,False
finished,15,False
types,15,False
squadron,15,False
agreed,15,False
Royal,15,False
James,15,False
size,15,False
previously,15,False
Typhoon,15,False
2011,15,False
Triple,15,False
starts,15,False
Street,15,False
VI,15,False
Committee,15,False
Rumble,15,False
McMahon,15,False
films,14,False
literary,14,False
art,14,False
children,14,False
give,14,False
come,14,False
copies,14,False
worked,14,False
via,14,False
edition,14,False
90,14,False
ending,14,False
pair,14,False
remaining,14,False
issue,14,False
officers,14,False
increased,14,False
steam,14,False
fully,14,False
combat,14,False
Island,14,False
training,14,False
month,14,False
150,14,False
football,14,False
points,14,False
status,14,False
players,14,False
announced,14,False
late,14,False
buildings,14,False
pressure,14,False
crossing,14,False
town,14,False
occurred,14,False
resulted,14,False
1st,14,False
brought,14,False
navy,14,False
laid,14,False
company,14,False
officer,14,False
eastward,14,False
East,14,False
direct,14,False
asked,14,False
westward,14,False
though,14,False
2006,14,False
1999,14,False
lead,14,False
meant,14,False
warships,14,False
result,14,False
entirely,14,False
hand,14,False
cases,14,False
difficult,14,False
begins,14,False
characters,14,False
genus,14,False
portion,14,False
complex,14,False
choice,14,False
Dodgers,14,False
strikeout,14,False
runs,14,False
Park,14,False
wins,14,False
operation,14,False
tournament,14,False
release,14,False
Roman,14,False
campaign,14,False
Airborne,14,False
kilometres,14,False
population,14,False
Film,14,False
projects,14,False
km2,14,False
police,14,False
Olympics,14,False
Beth,14,False
graves,14,False
Gibraltar,14,False
Hall,13,False
2005,13,False
character,13,False
critics,13,False
probably,13,False
attempted,13,False
emperor,13,False
likely,13,False
slightly,13,False
changed,13,False
best,13,False
replica,13,False
order,13,False
me,13,False
Zealand,13,False
songs,13,False
take,13,False
nine,13,False
success,13,False
vessels,13,False
Asia,13,False
armoured,13,False
forward,13,False
final,13,False
60,13,False
degrees,13,False
600,13,False
steel,13,False
equipped,13,False
morning,13,False
casualties,13,False
ahead,13,False
Game,13,False
station,13,False
1994,13,False
evacuated,13,False
defeat,13,False
zone,13,False
weapons,13,False
B,13,False
sector,13,False
parts,13,False
fight,13,False
F,13,False
headquarters,13,False
states,13,False
broke,13,False
report,13,False
elements,13,False
movement,13,False
include,13,False
2009,13,False
advantage,13,False
itself,13,False
Flotilla,13,False
process,13,False
faced,13,False
complete,13,False
Church,13,False
bones,13,False
region,13,False
opening,13,False
death,13,False
imagery,13,False
Tropical,13,False
strikeouts,13,False
inning,13,False
things,13,False
inside,13,False
Australian,13,False
Christmas,13,False
1915,13,False
detail,13,False
deaths,13,False
office,13,False
filter,13,False
colossal,13,False
BC,13,False
USA,13,False
lies,13,False
What,13,False
alongside,12,False
review,12,False
hundred,12,False
either,12,False
limited,12,False
element,12,False
married,12,False
problems,12,False
having,12,False
lived,12,False
briefly,12,False
supported,12,False
poetry,12,False
grew,12,False
followed,12,False
highly,12,False
overall,12,False
X,12,False
Tour,12,False
seconds,12,False
worldwide,12,False
immediately,12,False
Fleet,12,False
powerful,12,False
speed,12,False
torpedo,12,False
104,12,False
structure,12,False
magazine,12,False
originally,12,False
experience,12,False
T,12,False
cover,12,False
1943,12,False
total,12,False
oil,12,False
Hill,12,False
making,12,False
defense,12,False
already,12,False
island,12,False
inHg,12,False
passed,12,False
floor,12,False
leading,12,False
flank,12,False
here,12,False
ground,12,False
feature,12,False
suffered,12,False
Paul,12,False
roads,12,False
places,12,False
yet,12,False
third,12,False
want,12,False
debut,12,False
Albums,12,False
wooden,12,False
constructed,12,False
Russian,12,False
full,12,False
popular,12,False
low,12,False
invasion,12,False
book,12,False
location,12,False
Yorker,12,False
skulls,12,False
bodies,12,False
together,12,False
airborne,12,False
Kong,12,False
continue,12,False
village,12,False
born,12,False
declared,12,False
evacuation,12,False
personnel,12,False
orders,12,False
families,12,False
Services,12,False
advisories,12,False
accepted,12,False
Big,12,False
Cooper,12,False
Armoured,12,False
1000,12,False
pool,12,False
Free,12,False
Summer,12,False
directed,11,False
reviews,11,False
're,11,False
historian,11,False
son,11,False
spent,11,False
completely,11,False
look,11,False
influenced,11,False
English,11,False
ear,11,False
verse,11,False
weight,11,False
effects,11,False
performed,11,False
2014,11,False
Music,11,False
performance,11,False
Republic,11,False
base,11,False
list,11,False
construction,11,False
turrets,11,False
rate,11,False
protection,11,False
35,11,False
maximum,11,False
AA,11,False
80,11,False
planned,11,False
covered,11,False
Battle,11,False
surface,11,False
Union,11,False
earlier,11,False
abandoned,11,False
serious,11,False
champion,11,False
featured,11,False
step,11,False
ran,11,False
offensive,11,False
hands,11,False
victory,11,False
yards,11,False
average,11,False
61,11,False
divisions,11,False
Mountain,11,False
cross,11,False
dark,11,False
effort,11,False
might,11,False
separate,11,False
remnants,11,False
decision,11,False
tracks,11,False
referred,11,False
possible,11,False
arrived,11,False
smaller,11,False
widespread,11,False
appointed,11,False
community,11,False
Portage,11,False
Jewish,11,False
vertebrae,11,False
studies,11,False
Depression,11,False
Agency,11,False
rule,11,False
highway,11,False
past,11,False
Day,11,False
1998,11,False
Wales,11,False
created,11,False
pieces,11,False
1991,11,False
transport,11,False
helicopters,11,False
countries,11,False
staff,11,False
Pop,11,False
JTWC,11,False
regions,11,False
Philippine,11,False
kilometers,11,False
VIII,11,False
Emperor,11,False
right,11,False
beat,11,False
Coleman,11,False
ice,11,False
turns,11,False
approximately,11,False
AD,11,False
Spacey,11,False
Senate,11,False
Area,11,False
IRA,11,False
Commonwealth,11,False
Theatre,10,False
noted,10,False
know,10,False
unable,10,False
introduced,10,False
contemporary,10,False
father,10,False
directly,10,False
Du,10,False
last,10,False
positive,10,False
word,10,False
prominent,10,False
free,10,False
One,10,False
why,10,False
article,10,False
t,10,False
've,10,False
increase,10,False
story,10,False
additional,10,False
37,10,False
Empire,10,False
capital,10,False
raised,10,False
engines,10,False
class,10,False
consisted,10,False
42,10,False
crew,10,False
96,10,False
closed,10,False
thick,10,False
fitted,10,False
director,10,False
Edward,10,False
coast,10,False
spread,10,False
Team,10,False
shows,10,False
records,10,False
ranked,10,False
African,10,False
schools,10,False
broken,10,False
worth,10,False
trees,10,False
material,10,False
losses,10,False
numbers,10,False
assault,10,False
cut,10,False
270,10,False
companies,10,False
southward,10,False
northeast,10,False
considerable,10,False
advanced,10,False
supply,10,False
capable,10,False
themselves,10,False
type,10,False
deployed,10,False
regular,10,False
monitors,10,False
compared,10,False
level,10,False
retained,10,False
prevented,10,False
paid,10,False
images,10,False
continues,10,False
block,10,False
recent,10,False
court,10,False
case,10,False
eventually,10,False
Meteorological,10,False
future,10,False
extratropical,10,False
levels,10,False
earned,10,False
victories,10,False
deal,10,False
value,10,False
setting,10,False
Gallery,10,False
artists,10,False
figure,10,False
something,10,False
Council,10,False
Club,10,False
get,10,False
President,10,False
onto,10,False
Songs,10,False
cities,10,False
Islands,10,False
peace,10,False
house,10,False
wrestling,10,False
Who,10,False
stone,10,False
sculpted,10,False
Monument,10,False
crater,10,False
Actor,10,False
Carolyn,10,False
shopping,10,False
flowers,10,False
California,10,False
memorials,10,False
Court,9,False
critical,9,False
Charles,9,False
hits,9,False
reason,9,False
shortly,9,False
claimed,9,False
relationship,9,False
child,9,False
slowly,9,False
friend,9,False
friends,9,False
treatment,9,False
world,9,False
individual,9,False
uses,9,False
alone,9,False
represented,9,False
influence,9,False
showed,9,False
aspects,9,False
need,9,False
versions,9,False
ultimately,9,False
Hollywood,9,False
anything,9,False
actually,9,False
waters,9,False
70,9,False
conflict,9,False
Defence,9,False
cm,9,False
battleship,9,False
43,9,False
despite,9,False
draft,9,False
trials,9,False
45,9,False
meters,9,False
800,9,False
69,9,False
deck,9,False
installed,9,False
initial,9,False
sought,9,False
necessary,9,False
fighting,9,False
tonnes,9,False
latter,9,False
course,9,False
find,9,False
wave,9,False
port,9,False
submarines,9,False
water,9,False
college,9,False
Conference,9,False
championship,9,False
caught,9,False
Sports,9,False
live,9,False
King,9,False
award,9,False
Jane,9,False
severe,9,False
suggested,9,False
64,9,False
dropped,9,False
survived,9,False
crews,9,False
experienced,9,False
break,9,False
78,9,False
forced,9,False
leaving,9,False
battles,9,False
9th,9,False
minor,9,False
Major,9,False
vehicles,9,False
reconnaissance,9,False
crossed,9,False
attached,9,False
situation,9,False
distance,9,False
civilians,9,False
captured,9,False
date,9,False
industry,9,False
takes,9,False
turning,9,False
characteristics,9,False
Warrior,9,False
attention,9,False
designs,9,False
Austrian,9,False
far,9,False
method,9,False
cast,9,False
widely,9,False
adopted,9,False
colonial,9,False
policy,9,False
active,9,False
recovered,9,False
religious,9,False
closer,9,False
really,9,False
makes,9,False
fossils,9,False
transfer,9,False
teeth,9,False
evidence,9,False
recognized,9,False
Dvorak,9,False
satellite,9,False
amount,9,False
JMA,9,False
contract,9,False
Don,9,False
Bert,9,False
Man,9,False
composed,9,False
organized,9,False
expected,9,False
District,9,False
details,9,False
marked,9,False
International,9,False
official,9,False
House,9,False
landed,9,False
Luzon,9,False
62,9,False
chosen,9,False
personal,9,False
Campaign,9,False
Pro,9,False
Authority,9,False
filming,9,False
returns,9,False
raids,9,False
buried,9,False
monuments,9,False
coaching,9,False
Society,9,False
Claudius,9,False
commemorated,9,False
Brooke,9,False
Front,9,False
cemetery,9,False
Mark,8,False
critic,8,False
proved,8,False
preserved,8,False
Watson,8,False
practice,8,False
young,8,False
frequently,8,False
failed,8,False
post,8,False
stayed,8,False
departed,8,False
governor,8,False
general,8,False
age,8,False
great,8,False
husband,8,False
histories,8,False
references,8,False
variety,8,False
paintings,8,False
attributed,8,False
whose,8,False
recorded,8,False
guitar,8,False
Beach,8,False
38,8,False
operated,8,False
sometimes,8,False
sisters,8,False
Squadrons,8,False
140,8,False
fuel,8,False
mounted,8,False
firing,8,False
secondary,8,False
armament,8,False
mounts,8,False
33,8,False
muzzle,8,False
tower,8,False
instruments,8,False
loss,8,False
rear,8,False
structures,8,False
plates,8,False
wall,8,False
Lieutenant,8,False
1940,8,False
prototype,8,False
converted,8,False
wounded,8,False
reserve,8,False
twice,8,False
focus,8,False
selection,8,False
feet,8,False
clear,8,False
refused,8,False
injury,8,False
incident,8,False
winner,8,False
R.,8,False
spawned,8,False
passage,8,False
gusts,8,False
Marine,8,False
Provisional,8,False
repulsed,8,False
percent,8,False
mission,8,False
defensive,8,False
E,8,False
covering,8,False
advance,8,False
except,8,False
information,8,False
reinforcements,8,False
actions,8,False
Reconnaissance,8,False
knew,8,False
think,8,False
strength,8,False
majority,8,False
self,8,False
metal,8,False
current,8,False
drums,8,False
France,8,False
navies,8,False
enemy,8,False
make,8,False
Britain,8,False
U.S.,8,False
Italian,8,False
increasing,8,False
effect,8,False
gas,8,False
nature,8,False
starting,8,False
Spanish,8,False
Jackson,8,False
begin,8,False
cannot,8,False
?,8,False
responsible,8,False
feeling,8,False
business,8,False
drawn,8,False
seem,8,False
aquatic,8,False
relatively,8,False
genera,8,False
gills,8,False
today,8,False
erected,8,False
closely,8,False
move,8,False
appears,8,False
IV,8,False
primary,8,False
products,8,False
Cemetery,8,False
1990,8,False
Wanderers,8,False
winning,8,False
attended,8,False
Cy,8,False
batters,8,False
roster,8,False
former,8,False
Field,8,False
Indigenous,8,False
figures,8,False
becomes,8,False
sequence,8,False
interest,8,False
1914,8,False
meeting,8,False
1916,8,False
Ambassador,8,False
job,8,False
blocks,8,False
owned,8,False
shipped,8,False
Administration,8,False
offices,8,False
acres,8,False
retired,8,False
columns,8,False
Years,8,False
stands,8,False
stood,8,False
event,8,False
pay,8,False
claims,8,False
losing,8,False
conference,8,False
frequency,8,False
Complex,8,False
Donald,8,False
sites,8,False
monument,8,False
dated,8,False
remains,8,False
La,8,False
Durham,8,False
Catholic,8,False
district,8,False
Hospital,8,False
barricades,8,False
Piz,8,False
synagogue,8,False
rabbi,8,False
Boy,8,False
grave,8,False
actors,7,False
episodes,7,False
writers,7,False
family,7,False
poem,7,False
suggests,7,False
escaped,7,False
subsequently,7,False
poetic,7,False
notes,7,False
impossible,7,False
natural,7,False
although,7,False
political,7,False
impact,7,False
commentary,7,False
ways,7,False
contained,7,False
writes,7,False
pop,7,False
gold,7,False
videos,7,False
views,7,False
reviewer,7,False
Newman,7,False
entered,7,False
going,7,False
delivered,7,False
presence,7,False
lack,7,False
Ocean,7,False
900,7,False
existing,7,False
drove,7,False
sea,7,False
capacity,7,False
250,7,False
room,7,False
yd,7,False
75,7,False
700,7,False
effective,7,False
110,7,False
systems,7,False
defences,7,False
double,7,False
Harbor,7,False
shape,7,False
launched,7,False
tip,7,False
unknown,7,False
batteries,7,False
television,7,False
Football,7,False
hosted,7,False
Ten,7,False
inches,7,False
thing,7,False
wife,7,False
daughter,7,False
rapidly,7,False
islands,7,False
passing,7,False
maintained,7,False
105,7,False
northward,7,False
partly,7,False
glass,7,False
residents,7,False
offered,7,False
Cross,7,False
split,7,False
attempts,7,False
hills,7,False
river,7,False
running,7,False
Platoon,7,False
midnight,7,False
coming,7,False
services,7,False
controlled,7,False
23rd,7,False
Colonel,7,False
northern,7,False
obtained,7,False
collected,7,False
access,7,False
occupied,7,False
afternoon,7,False
medical,7,False
weather,7,False
alive,7,False
driven,7,False
permission,7,False
plans,7,False
edge,7,False
rain,7,False
finally,7,False
120,7,False
extended,7,False
label,7,False
63,7,False
Rock,7,False
1996,7,False
warship,7,False
160,7,False
sections,7,False
tried,7,False
relative,7,False
seemed,7,False
charges,7,False
central,7,False
proposed,7,False
wood,7,False
falling,7,False
pre,7,False
shipping,7,False
locations,7,False
mentioned,7,False
condition,7,False
addressed,7,False
mean,7,False
finds,7,False
trial,7,False
ill,7,False
executed,7,False
beyond,7,False
terrestrial,7,False
frogs,7,False
covers,7,False
specimens,7,False
lives,7,False
primarily,7,False
derived,7,False
exclusively,7,False
fit,7,False
eyes,7,False
developing,7,False
Henry,7,False
temperatures,7,False
term,7,False
hPa,7,False
tracked,7,False
weakening,7,False
designated,7,False
matches,7,False
Cup,7,False
76,7,False
goal,7,False
History,7,False
relief,7,False
shutout,7,False
Francisco,7,False
NL,7,False
Chan,7,False
walks,7,False
Randy,7,False
shared,7,False
Out,7,False
exhibition,7,False
organised,7,False
ideas,7,False
press,7,False
Ezra,7,False
Service,7,False
largely,7,False
Eastern,7,False
rights,7,False
specifically,7,False
Special,7,False
landing,7,False
map,7,False
persons,7,False
Stadium,7,False
Final,7,False
Torres,7,False
featuring,7,False
good,7,False
ones,7,False
represent,7,False
stars,7,False
leaves,7,False
cyclogenesis,7,False
forecast,7,False
persisted,7,False
monitored,7,False
PAGASA,7,False
Philippines,7,False
roughly,7,False
northeastward,7,False
N,7,False
synthesis,7,False
become,7,False
successfully,7,False
1805,7,False
Coalition,7,False
Revolution,7,False
park,7,False
inhabitants,7,False
mostly,7,False
arts,7,False
provide,7,False
older,7,False
Way,7,False
playing,7,False
feel,7,False
k,7,False
filmed,7,False
duties,7,False
Games,7,False
controls,7,False
descends,7,False
Poll,7,False
Sunday,7,False
shots,7,False
couple,7,False
students,7,False
legislature,7,False
campus,7,False
horse,7,False
airport,7,False
425,7,False
Strong,6,False
Independent,6,False
brother,6,False
don,6,False
dynasty,6,False
Li,6,False
constant,6,False
particular,6,False
'an,6,False
sister,6,False
describes,6,False
sons,6,False
society,6,False
heard,6,False
must,6,False
trouble,6,False
higher,6,False
includes,6,False
writer,6,False
observed,6,False
regarded,6,False
interpreted,6,False
literature,6,False
cited,6,False
View,6,False
particularly,6,False
greater,6,False
degree,6,False
extensive,6,False
facing,6,False
shooting,6,False
various,6,False
international,6,False
say,6,False
Chart,6,False
done,6,False
reaction,6,False
performances,6,False
Square,6,False
background,6,False
rebuilt,6,False
participated,6,False
carrier,6,False
reduced,6,False
launch,6,False
approved,6,False
turret,6,False
load,6,False
36,6,False
multiple,6,False
kW,6,False
mid,6,False
velocity,6,False
tubes,6,False
torpedoes,6,False
48,6,False
59,6,False
targets,6,False
upper,6,False
ends,6,False
space,6,False
flying,6,False
anticipated,6,False
scheduled,6,False
beginning,6,False
95,6,False
formerly,6,False
bombers,6,False
Bay,6,False
Great,6,False
search,6,False
plate,6,False
heavily,6,False
hull,6,False
revealed,6,False
floating,6,False
College,6,False
NFL,6,False
Central,6,False
receiving,6,False
program,6,False
125,6,False
West,6,False
evening,6,False
seas,6,False
98,6,False
waves,6,False
crop,6,False
flooding,6,False
180,6,False
affected,6,False
UN,6,False
advantages,6,False
25th,6,False
aware,6,False
objective,6,False
key,6,False
resistance,6,False
preparation,6,False
patrols,6,False
intelligence,6,False
instructions,6,False
Engineer,6,False
Combat,6,False
regimental,6,False
lower,6,False
knowledge,6,False
routes,6,False
stopped,6,False
costs,6,False
withdrew,6,False
First,6,False
leader,6,False
same,6,False
registered,6,False
nearly,6,False
thrown,6,False
weak,6,False
request,6,False
strongly,6,False
northwest,6,False
restored,6,False
armies,6,False
rock,6,False
albums,6,False
terms,6,False
D.,6,False
fourth,6,False
Album,6,False
la,6,False
backs,6,False
seventh,6,False
clashes,6,False
centuries,6,False
III,6,False
Government,6,False
engine,6,False
neither,6,False
nor,6,False
armed,6,False
Austrians,6,False
superior,6,False
fell,6,False
generation,6,False
accurate,6,False
problem,6,False
81,6,False
simple,6,False
easy,6,False
reach,6,False
arrangement,6,False
purposes,6,False
alternative,6,False
cost,6,False
bought,6,False
remain,6,False
purchased,6,False
response,6,False
demands,6,False
revolt,6,False
taking,6,False
real,6,False
badly,6,False
Spain,6,False
White,6,False
establishment,6,False
display,6,False
visited,6,False
health,6,False
generated,6,False
getting,6,False
human,6,False
stage,6,False
responded,6,False
our,6,False
classification,6,False
basal,6,False
upwards,6,False
individuals,6,False
common,6,False
currently,6,False
Andrew,6,False
flat,6,False
estimates,6,False
flattened,6,False
ability,6,False
election,6,False
visual,6,False
mass,6,False
Hurricane,6,False
depressions,6,False
Department,6,False
hold,6,False
transition,6,False
highways,6,False
residential,6,False
routing,6,False
Athletic,6,False
starter,6,False
extension,6,False
picked,6,False
Sandy,6,False
Baseball,6,False
walking,6,False
organization,6,False
allowing,6,False
Johnson,6,False
annual,6,False
giving,6,False
awards,6,False
honors,6,False
135,6,False
paint,6,False
Francis,6,False
trapped,6,False
motifs,6,False
Studies,6,False
drew,6,False
survive,6,False
showing,6,False
helped,6,False
decades,6,False
sees,6,False
violence,6,False
Pound,6,False
Thomas,6,False
Hardy,6,False
warning,6,False
invented,6,False
phase,6,False
Guam,6,False
transported,6,False
Siad,6,False
assistant,6,False
favorable,6,False
elsewhere,6,False
volunteers,6,False
walls,6,False
open,6,False
beauty,6,False
big,6,False
nominations,6,False
¥,6,False
dissipated,6,False
disturbance,6,False
interaction,6,False
outages,6,False
doing,6,False
PHP,6,False
injured,6,False
115,6,False
River,6,False
85,6,False
ha,6,False
exposed,6,False
specific,6,False
Austria,6,False
recommended,6,False
Staff,6,False
guard,6,False
Column,6,False
martial,6,False
Goldberg,6,False
surgery,6,False
managed,6,False
NCAA,6,False
chose,6,False
thinks,6,False
confirmed,6,False
media,6,False
opponents,6,False
contain,6,False
Smith,6,False
viewers,6,False
online,6,False
tells,6,False
movie,6,False
feels,6,False
Guinea,6,False
George,6,False
reserves,6,False
authorities,6,False
los,6,False
archaeological,6,False
sculpture,6,False
excavated,6,False
context,6,False
account,6,False
project,6,False
erosion,6,False
parted,6,False
measures,6,False
square,6,False
department,6,False
seed,6,False
waste,6,False
They,6,False
calm,6,False
DreamWorks,6,False
Picture,6,False
Director,6,False
Jack,6,False
view,6,False
employed,6,False
Critics,6,False
Sir,6,False
activities,6,False
Republican,6,False
elected,6,False
Augustus,6,False
Rome,6,False
tax,6,False
Christians,6,False
Trajan,6,False
populated,6,False
occupation,6,False
architects,6,False
Tomas,6,False
Basketball,6,False
palm,6,False
Greer,6,False
nationalist,6,False
athletes,6,False
Sarah,6,False
assembly,6,False
Estate,6,False
Foreign,6,False
Veronica,6,False
Weevil,6,False
Ridge,6,False
Bill,5,False
theatre,5,False
Robert,5,False
difficulties,5,False
770,5,False
country,5,False
fifteen,5,False
readers,5,False
province,5,False
refers,5,False
travelled,5,False
dense,5,False
affairs,5,False
twelve,5,False
rivals,5,False
themes,5,False
leave,5,False
requested,5,False
comments,5,False
argues,5,False
appreciated,5,False
attracted,5,False
clearly,5,False
territories,5,False
46,5,False
Industry,5,False
singles,5,False
Thing,5,False
Entertainment,5,False
twenty,5,False
platinum,5,False
rise,5,False
listing,5,False
I.,5,False
superstructure,5,False
sunk,5,False
cruisers,5,False
progress,5,False
obvious,5,False
sailors,5,False
loaded,5,False
financial,5,False
reasons,5,False
modernization,5,False
length,5,False
turbines,5,False
propeller,5,False
41,5,False
shells,5,False
elevation,5,False
Year,5,False
twin,5,False
friendly,5,False
Battleship,5,False
crewmen,5,False
Louis,5,False
Group,5,False
operational,5,False
ashore,5,False
Americans,5,False
engaged,5,False
attacking,5,False
missed,5,False
submarine,5,False
reports,5,False
onwards,5,False
Michigan,5,False
comes,5,False
missing,5,False
undefeated,5,False
Bob,5,False
session,5,False
serving,5,False
hired,5,False
speech,5,False
Treasure,5,False
intense,5,False
portions,5,False
Florida,5,False
mbar,5,False
emerged,5,False
continuing,5,False
Palm,5,False
churches,5,False
homeless,5,False
thousand,5,False
estates,5,False
properties,5,False
food,5,False
Guard,5,False
strategy,5,False
24th,5,False
patrol,5,False
mortar,5,False
gunfire,5,False
indicated,5,False
Walker,5,False
platoon,5,False
principal,5,False
terrain,5,False
medium,5,False
dispersed,5,False
Regiments,5,False
southern,5,False
08,5,False
disappeared,5,False
19th,5,False
H.,5,False
perimeter,5,False
occasions,5,False
suddenly,5,False
anyone,5,False
help,5,False
efforts,5,False
establish,5,False
battalion,5,False
attempting,5,False
Chief,5,False
threat,5,False
sure,5,False
Marines,5,False
contact,5,False
concentrated,5,False
slow,5,False
happened,5,False
viewed,5,False
Kurt,5,False
1997,5,False
Admiralty,5,False
rapid,5,False
Richard,5,False
propulsion,5,False
suitable,5,False
competition,5,False
practical,5,False
explosion,5,False
hulls,5,False
Napoleon,5,False
nations,5,False
threw,5,False
question,5,False
tested,5,False
traditional,5,False
prospect,5,False
HMS,5,False
circle,5,False
masts,5,False
consistently,5,False
differences,5,False
encounters,5,False
prepared,5,False
expanded,5,False
defined,5,False
declined,5,False
Little,5,False
lay,5,False
Christian,5,False
theme,5,False
garden,5,False
Yeats,5,False
mixed,5,False
Christopher,5,False
attorney,5,False
books,5,False
reworked,5,False
Observer,5,False
ambiguity,5,False
issues,5,False
environments,5,False
broad,5,False
jaw,5,False
divided,5,False
paleontologist,5,False
primitive,5,False
cold,5,False
consisting,5,False
analyses,5,False
exact,5,False
stops,5,False
opened,5,False
tension,5,False
mature,5,False
develop,5,False
marks,5,False
sound,5,False
unsuccessful,5,False
produce,5,False
law,5,False
patterns,5,False
tops,5,False
agencies,5,False
Warning,5,False
table,5,False
frame,5,False
interpretation,5,False
implemented,5,False
1972,5,False
professional,5,False
plays,5,False
Manchester,5,False
awarded,5,False
tour,5,False
replacement,5,False
returning,5,False
Crown,5,False
parents,5,False
Coast,5,False
54,5,False
looking,5,False
57,5,False
Matt,5,False
pitchers,5,False
ball,5,False
1960,5,False
mark,5,False
postseason,5,False
pain,5,False
1978,5,False
Carlos,5,False
reaching,5,False
growing,5,False
fastball,5,False
funds,5,False
equipment,5,False
painting,5,False
1945,5,False
private,5,False
famous,5,False
represents,5,False
undertaken,5,False
stages,5,False
gives,5,False
1946,5,False
mouth,5,False
causes,5,False
painted,5,False
seeing,5,False
artist,5,False
values,5,False
Austin,5,False
audience,5,False
F.,5,False
concluded,5,False
manner,5,False
Exit,5,False
CH,5,False
diplomats,5,False
refuge,5,False
ambassador,5,False
task,5,False
realized,5,False
aerial,5,False
zones,5,False
explained,5,False
rescued,5,False
cars,5,False
conducted,5,False
380,5,False
share,5,False
spot,5,False
defeated,5,False
Warner,5,False
independent,5,False
charts,5,False
concerned,5,False
percentage,5,False
guest,5,False
male,5,False
website,5,False
Imbudo,5,False
Regional,5,False
agency,5,False
convection,5,False
dissipating,5,False
initiated,5,False
provinces,5,False
monsoon,5,False
55,5,False
largest,5,False
ring,5,False
temperature,5,False
summarized,5,False
selectivity,5,False
carefully,5,False
anti,5,False
Guild,5,False
corps,5,False
hospital,5,False
operating,5,False
Valley,5,False
Benjamin,5,False
Fighting,5,False
feud,5,False
wrestlers,5,False
clause,5,False
resumed,5,False
board,5,False
Holly,5,False
Rules,5,False
care,5,False
Party,5,False
lawyer,5,False
DVD,5,False
network,5,False
L,5,False
programme,5,False
Good,5,False
London,5,False
governess,5,False
encountered,5,False
Ward,5,False
RAAF,5,False
flew,5,False
VII,5,False
temporarily,5,False
heat,5,False
29th,5,False
advisor,5,False
Duck,5,False
Kingdom,5,False
Pole,5,False
arranged,5,False
discovery,5,False
rulers,5,False
urban,5,False
Classic,5,False
lips,5,False
deliberately,5,False
Affairs,5,False
dedicated,5,False
telling,5,False
71,5,False
67,5,False
Gordon,5,False
Bulldogs,5,False
solely,5,False
craters,5,False
deposits,5,False
sexual,5,False
convinces,5,False
sex,5,False
Fire,5,False
lasted,5,False
fault,5,False
Massachusetts,5,False
Revolutionary,5,False
commission,5,False
Canal,5,False
Sullivan,5,False
Bank,5,False
relations,5,False
grams,5,False
districts,5,False
Andres,5,False
Miguel,5,False
Cruz,5,False
Mesa,5,False
facilities,5,False
hospitals,5,False
sq,5,False
street,5,False
serves,5,False
Juan,5,False
SM,5,False
temple,5,False
Assembly,5,False
income,5,False
R,5,False
Memorial,5,False
Hume,5,False
parade,5,False
Centre,5,False
Croatian,5,False
Go,5,False
Mars,5,False
congregation,5,False
Settlement,5,False
victims,5,False
markers,5,False
1921,5,False
1939,5,False
Principal,5,False
Architects,5,False
actor,4,False
starred,4,False
productions,4,False
arc,4,False
portrayed,4,False
Daily,4,False
interview,4,False
my,4,False
civil,4,False
influential,4,False
Western,4,False
factor,4,False
brothers,4,False
star,4,False
direction,4,False
displaced,4,False
Baby,4,False
am,4,False
sixty,4,False
peaceful,4,False
periods,4,False
traveled,4,False
engagement,4,False
us,4,False
voice,4,False
continuously,4,False
description,4,False
negative,4,False
constraints,4,False
expressed,4,False
inspired,4,False
subsequent,4,False
student,4,False
explosive,4,False
scholars,4,False
criticized,4,False
travel,4,False
Poems,4,False
boy,4,False
Flanders,4,False
Factor,4,False
timing,4,False
screen,4,False
Records,4,False
digitally,4,False
officially,4,False
stations,4,False
sheet,4,False
Chris,4,False
download,4,False
kind,4,False
depicts,4,False
contributed,4,False
watching,4,False
Take,4,False
pilots,4,False
bases,4,False
strategic,4,False
Second,4,False
Program,4,False
obsolete,4,False
developments,4,False
lb,4,False
shell,4,False
94,4,False
650,4,False
kg,4,False
240,4,False
1930s,4,False
440,4,False
cycle,4,False
450,4,False
3rd,4,False
submerged,4,False
6th,4,False
weapon,4,False
fast,4,False
exhibited,4,False
belt,4,False
amidships,4,False
protected,4,False
305,4,False
aboard,4,False
directors,4,False
ammunition,4,False
barrels,4,False
flight,4,False
connected,4,False
lift,4,False
39,4,False
Allied,4,False
metre,4,False
Naval,4,False
Marcus,4,False
51,4,False
repairs,4,False
Carrier,4,False
inflicted,4,False
follow,4,False
waiting,4,False
plating,4,False
34,4,False
cargo,4,False
cruiser,4,False
carrying,4,False
58,4,False
settled,4,False
championships,4,False
athlete,4,False
pass,4,False
claim,4,False
passes,4,False
calling,4,False
Irish,4,False
1949,4,False
Chicago,4,False
accounts,4,False
keep,4,False
panel,4,False
competitor,4,False
Age,4,False
Douglas,4,False
acquired,4,False
201,4,False
Tampa,4,False
Pierce,4,False
amounts,4,False
damaging,4,False
Texas,4,False
scale,4,False
white,4,False
Lake,4,False
coastal,4,False
planes,4,False
spots,4,False
bridge,4,False
Carolina,4,False
fought,4,False
simultaneously,4,False
People,4,False
approached,4,False
overwhelm,4,False
extremely,4,False
exhausted,4,False
fresh,4,False
recently,4,False
fires,4,False
02,4,False
M.,4,False
Joseph,4,False
Commander,4,False
apparent,4,False
09,4,False
Class,4,False
daylight,4,False
E.,4,False
Police,4,False
hill,4,False
06,4,False
watched,4,False
commanded,4,False
opposed,4,False
Robinson,4,False
repeatedly,4,False
efficiency,4,False
numbered,4,False
Earth,4,False
independently,4,False
lyrics,4,False
venues,4,False
money,4,False
Tracks,4,False
bond,4,False
whether,4,False
producer,4,False
wants,4,False
Best,4,False
fans,4,False
stores,4,False
Greg,4,False
incorporated,4,False
however,4,False
musical,4,False
2016,4,False
increasingly,4,False
frigates,4,False
red,4,False
vulnerable,4,False
fortifications,4,False
shore,4,False
convinced,4,False
ocean,4,False
box,4,False
Congress,4,False
ram,4,False
else,4,False
mines,4,False
adoption,4,False
blow,4,False
Ferdinand,4,False
achieved,4,False
inch,4,False
carry,4,False
experts,4,False
Italy,4,False
field,4,False
engineer,4,False
rig,4,False
roof,4,False
possessed,4,False
attractive,4,False
extent,4,False
combined,4,False
Wilson,4,False
Friedrich,4,False
plain,4,False
stable,4,False
folded,4,False
European,4,False
require,4,False
decade,4,False
involving,4,False
Act,4,False
monitor,4,False
renamed,4,False
Magazine,4,False
Dutch,4,False
talking,4,False
concludes,4,False
meets,4,False
identified,4,False
explicit,4,False
appropriate,4,False
It,4,False
airfield,4,False
witness,4,False
publication,4,False
piece,4,False
novel,4,False
detailed,4,False
reveals,4,False
identical,4,False
Grand,4,False
ancestral,4,False
relatives,4,False
rounded,4,False
foot,4,False
unusual,4,False
rows,4,False
animals,4,False
partially,4,False
similarly,4,False
younger,4,False
evolved,4,False
cage,4,False
distinct,4,False
importantly,4,False
external,4,False
260,4,False
distinguished,4,False
hundreds,4,False
competed,4,False
placement,4,False
study,4,False
grouped,4,False
containing,4,False
technique,4,False
reproduced,4,False
masses,4,False
eggs,4,False
adult,4,False
oldest,4,False
archbishop,4,False
convicted,4,False
bias,4,False
certain,4,False
indicate,4,False
visible,4,False
Institute,4,False
science,4,False
precision,4,False
consistent,4,False
determined,4,False
circumstances,4,False
293,4,False
renumbering,4,False
Route,4,False
intersections,4,False
youth,4,False
invited,4,False
goalkeeper,4,False
summer,4,False
kept,4,False
finals,4,False
appearances,4,False
baseball,4,False
MLB,4,False
Player,4,False
Dwight,4,False
posted,4,False
offer,4,False
stretch,4,False
allow,4,False
youngest,4,False
Fernando,4,False
pitches,4,False
didn,4,False
scoreless,4,False
130,4,False
tied,4,False
streak,4,False
striking,4,False
manager,4,False
148,4,False
'm,4,False
donated,4,False
organizations,4,False
communities,4,False
price,4,False
women,4,False
Three,4,False
dismissed,4,False
Lawrence,4,False
idea,4,False
wearing,4,False
aspect,4,False
believes,4,False
reception,4,False
means,4,False
essential,4,False
Flint,4,False
anthology,4,False
writings,4,False
interested,4,False
entitled,4,False
Lowell,4,False
read,4,False
assignment,4,False
negotiated,4,False
Mogadishu,4,False
posts,4,False
broadcast,4,False
assisted,4,False
demanded,4,False
granted,4,False
unsuccessfully,4,False
journey,4,False
senior,4,False
Federation,4,False
exception,4,False
postponed,4,False
defeating,4,False
votes,4,False
Dan,4,False
Top,4,False
No,4,False
producers,4,False
disc,4,False
theatrical,4,False
combination,4,False
Line,4,False
normal,4,False
Organization,4,False
environment,4,False
minimal,4,False
bring,4,False
dry,4,False
rains,4,False
landslides,4,False
127,4,False
Taiwan,4,False
Okinawa,4,False
impacted,4,False
significantly,4,False
boat,4,False
blocked,4,False
totaled,4,False
outflow,4,False
eastern,4,False
southeast,4,False
knocked,4,False
insufficient,4,False
asymmetric,4,False
reactivity,4,False
product,4,False
synthesized,4,False
annually,4,False
investigated,4,False
exist,4,False
l,4,False
participants,4,False
rose,4,False
cavalry,4,False
bad,4,False
news,4,False
exchanged,4,False
column,4,False
possession,4,False
craft,4,False
allies,4,False
wrestler,4,False
Tag,4,False
WrestleMania,4,False
Minnesota,4,False
defended,4,False
rivalry,4,False
SmackDown,4,False
Columbia,4,False
Action,4,False
negotiations,4,False
involvement,4,False
challenged,4,False
Illustrated,4,False
commentators,4,False
offers,4,False
Vegas,4,False
Arts,4,False
knockout,4,False
salary,4,False
#,4,True
Boston,4,False
variations,4,False
reign,4,False
discussed,4,False
Underground,4,False
psychic,4,False
previous,4,False
funeral,4,False
1968,4,False
presents,4,False
understand,4,False
designer,4,False
interior,4,False
premiere,4,False
mystery,4,False
architecture,4,False
49,4,False
Wing,4,False
No.,4,False
bombing,4,False
mine,4,False
Indies,4,False
mined,4,False
harbour,4,False
administered,4,False
landings,4,False
123,4,False
Churchill,4,False
Valentine,4,False
cleared,4,False
successor,4,False
Genesis,4,False
Disney,4,False
cartoon,4,False
enemies,4,False
enters,4,False
excellent,4,False
boulders,4,False
portraits,4,False
forest,4,False
concept,4,False
functions,4,False
none,4,False
deceased,4,False
regional,4,False
reflect,4,False
lying,4,False
strips,4,False
lip,4,False
strap,4,False
eroded,4,False
Celtics,4,False
puts,4,False
remarked,4,False
letters,4,False
bid,4,False
10th,4,False
go,4,False
schedule,4,False
Howard,4,False
respectively,4,False
expect,4,False
upset,4,False
calls,4,False
Joel,4,False
darkness,4,False
lightly,4,False
lunar,4,False
vapor,4,False
advertising,4,False
middle,4,False
committed,4,False
car,4,False
talks,4,False
holds,4,False
gets,4,False
Roy,4,False
belief,4,False
becoming,4,False
Jim,4,False
Col.,4,False
Spielberg,4,False
92,4,False
occurs,4,False
windows,4,False
lighting,4,False
Festival,4,False
voters,4,False
politics,4,False
Gerry,4,False
opposition,4,False
policies,4,False
branch,4,False
protest,4,False
consul,4,False
economic,4,False
crisis,4,False
elections,4,False
suicide,4,False
ancient,4,False
goods,4,False
accident,4,False
burned,4,False
rebel,4,False
prefect,4,False
79,4,False
planted,4,False
densely,4,False
earthquakes,4,False
indigenous,4,False
Building,4,False
Mayor,4,False
architectural,4,False
Development,4,False
terminal,4,False
malls,4,False
mall,4,False
Main,4,False
destinations,4,False
hectares,4,False
José,4,False
branches,4,False
sport,4,False
stadium,4,False
Report,4,False
narrowly,4,False
girl,4,False
Mary,4,False
Citizens,4,False
Northern,4,False
Labour,4,False
tensions,4,False
Social,4,False
drummer,4,False
Glass,4,False
Taylor,4,False
applicable,4,False
RAF,4,False
bus,4,False
industrial,4,False
Shell,4,False
surroundings,4,False
runway,4,False
Guards,4,False
Baker,4,False
Corners,4,False
intersects,4,False
Lower,4,False
maintenance,4,False
Grade,4,False
Paralympics,4,False
1918,4,False
Commissioner,4,False
Germaniawerft,4,False
Eisenhower,4,False
conspiracy,4,False
hall,4,False
refuses,4,False
Role,4,False
